[
  {
    "name": "Абрикосы",
    "proteins": 1,
    "fats": 0,
    "carbohydrates": 10,
    "calories": 45
  },
  {
    "name": "Авокадо",
    "proteins": 2,
    "fats": 19,
    "carbohydrates": 7,
    "calories": 197
  },
  {
    "name": "Аджика",
    "proteins": 2,
    "fats": 3,
    "carbohydrates": 8,
    "calories": 59
  },
  {
    "name": "Айва",
    "proteins": 1,
    "fats": 0,
    "carbohydrates": 9,
    "calories": 41
  },
  {
    "name": "Айсберг",
    "proteins": 1,
    "fats": 0,
    "carbohydrates": 2,
    "calories": 17
  },
  {
    "name": "Активиа кефирная 1%",
    "proteins": 3,
    "fats": 1,
    "carbohydrates": 4,
    "calories": 39
  },
  {
    "name": "Ананас",
    "proteins": 0,
    "fats": 0,
    "carbohydrates": 12,
    "calories": 50
  },
  {
    "name": "Ананас консервированный",
    "proteins": 0,
    "fats": 0,
    "carbohydrates": 16,
    "calories": 65
  },
  {
    "name": "Ананас цукаты",
    "proteins": 1,
    "fats": 2,
    "carbohydrates": 15,
    "calories": 78
  },
  {
    "name": "Апельсин",
    "proteins": 2,
    "fats": 0,
    "carbohydrates": 9,
    "calories": 43
  },
  {
    "name": "Апельсиновый сок",
    "proteins": 0,
    "fats": 0,
    "carbohydrates": 11,
    "calories": 44
  },
  {
    "name": "Арахис",
    "proteins": 25,
    "fats": 46,
    "carbohydrates": 13,
    "calories": 561
  },
  {
    "name": "Арахис в сахаре",
    "proteins": 18,
    "fats": 30,
    "carbohydrates": 51,
    "calories": 535
  },
  {
    "name": "Базилик свежий",
    "proteins": 3,
    "fats": 1,
    "carbohydrates": 4,
    "calories": 27
  },
  {
    "name": "Баклажаны",
    "proteins": 1,
    "fats": 0,
    "carbohydrates": 6,
    "calories": 27
  },
  {
    "name": "Банан",
    "proteins": 3,
    "fats": 3,
    "carbohydrates": 22,
    "calories": 97
  },
  {
    "name": "Баранина вареная",
    "proteins": 24,
    "fats": 21,
    "carbohydrates": 0,
    "calories": 286
  },
  {
    "name": "Батон",
    "proteins": 8,
    "fats": 3,
    "carbohydrates": 49,
    "calories": 264
  },
  {
    "name": "Бедро индейки",
    "proteins": 16,
    "fats": 9,
    "carbohydrates": 1,
    "calories": 143
  },
  {
    "name": "Бекон",
    "proteins": 15,
    "fats": 45,
    "carbohydrates": 2,
    "calories": 469
  },
  {
    "name": "Блины обычные",
    "proteins": 6,
    "fats": 6,
    "carbohydrates": 25,
    "calories": 178
  },
  {
    "name": "Борщ лёгкий",
    "proteins": 3,
    "fats": 2,
    "carbohydrates": 9,
    "calories": 58
  },
  {
    "name": "Брокколи",
    "proteins": 4,
    "fats": 1,
    "carbohydrates": 4,
    "calories": 33
  },
  {
    "name": "Брусника",
    "proteins": 1,
    "fats": 0,
    "carbohydrates": 9,
    "calories": 42
  },
  {
    "name": "Бульон из говядины",
    "proteins": 6,
    "fats": 4,
    "carbohydrates": 0,
    "calories": 57
  },
  {
    "name": "Бульон из куриной грудки",
    "proteins": 7,
    "fats": 1,
    "carbohydrates": 0,
    "calories": 42
  },
  {
    "name": "Бульон куриный",
    "proteins": 3,
    "fats": 2,
    "carbohydrates": 1,
    "calories": 33
  },
  {
    "name": "Вареная говядина",
    "proteins": 23,
    "fats": 16,
    "carbohydrates": 0,
    "calories": 236
  },
  {
    "name": "Вареная колбаса",
    "proteins": 12,
    "fats": 22,
    "carbohydrates": 1,
    "calories": 253
  },
  {
    "name": "Вареная куриная грудка",
    "proteins": 27,
    "fats": 6,
    "carbohydrates": 1,
    "calories": 138
  },
  {
    "name": "Вареная курица",
    "proteins": 19,
    "fats": 9,
    "carbohydrates": 0,
    "calories": 150
  },
  {
    "name": "Вареная морковь",
    "proteins": 1,
    "fats": 0,
    "carbohydrates": 6,
    "calories": 31
  },
  {
    "name": "Вареная чечевица",
    "proteins": 8,
    "fats": 0,
    "carbohydrates": 20,
    "calories": 111
  },
  {
    "name": "Варёная сгущёнка",
    "proteins": 7,
    "fats": 9,
    "carbohydrates": 55,
    "calories": 326
  },
  {
    "name": "Вермишель",
    "proteins": 11,
    "fats": 1,
    "carbohydrates": 72,
    "calories": 347
  },
  {
    "name": "Ветчина",
    "proteins": 16,
    "fats": 19,
    "carbohydrates": 2,
    "calories": 246
  },
  {
    "name": "Вино белое сухое",
    "proteins": 0,
    "fats": 0,
    "carbohydrates": 0,
    "calories": 67
  },
  {
    "name": "Виноград",
    "proteins": 1,
    "fats": 1,
    "carbohydrates": 16,
    "calories": 69
  },
  {
    "name": "Вино красное сухое",
    "proteins": 0,
    "fats": 0,
    "carbohydrates": 1,
    "calories": 70
  },
  {
    "name": "Вишня",
    "proteins": 1,
    "fats": 0,
    "carbohydrates": 11,
    "calories": 54
  },
  {
    "name": "Геркулес",
    "proteins": 12,
    "fats": 6,
    "carbohydrates": 56,
    "calories": 327
  },
  {
    "name": "Говядина",
    "proteins": 20,
    "fats": 13,
    "carbohydrates": 0,
    "calories": 192
  },
  {
    "name": "Говяжья печень",
    "proteins": 17,
    "fats": 3,
    "carbohydrates": 3,
    "calories": 110
  },
  {
    "name": "Голень куриная",
    "proteins": 20,
    "fats": 9,
    "carbohydrates": 0,
    "calories": 168
  },
  {
    "name": "Голландский сыр",
    "proteins": 24,
    "fats": 30,
    "carbohydrates": 0,
    "calories": 373
  },
  {
    "name": "Голубика",
    "proteins": 1,
    "fats": 1,
    "carbohydrates": 9,
    "calories": 46
  },
  {
    "name": "Горбуша",
    "proteins": 21,
    "fats": 7,
    "carbohydrates": 0,
    "calories": 143
  },
  {
    "name": "Горох",
    "proteins": 19,
    "fats": 3,
    "carbohydrates": 42,
    "calories": 256
  },
  {
    "name": "Гороховое пюре",
    "proteins": 8,
    "fats": 1,
    "carbohydrates": 23,
    "calories": 106
  },
  {
    "name": "Горошек зеленый",
    "proteins": 4,
    "fats": 0,
    "carbohydrates": 10,
    "calories": 59
  },
  {
    "name": "Горчица",
    "proteins": 8,
    "fats": 11,
    "carbohydrates": 13,
    "calories": 184
  },
  {
    "name": "Гранат",
    "proteins": 2,
    "fats": 1,
    "carbohydrates": 14,
    "calories": 67
  },
  {
    "name": "Грейпфрут",
    "proteins": 1,
    "fats": 0,
    "carbohydrates": 9,
    "calories": 41
  },
  {
    "name": "Грецкие орехи",
    "proteins": 15,
    "fats": 65,
    "carbohydrates": 14,
    "calories": 697
  },
  {
    "name": "Гречневая каша рассыпчатая",
    "proteins": 5,
    "fats": 1,
    "carbohydrates": 24,
    "calories": 131
  },
  {
    "name": "Гречневая крупа",
    "proteins": 12,
    "fats": 4,
    "carbohydrates": 63,
    "calories": 329
  },
  {
    "name": "Грибы белые",
    "proteins": 9,
    "fats": 2,
    "carbohydrates": 3,
    "calories": 28
  },
  {
    "name": "Грибы белые сушеные",
    "proteins": 27,
    "fats": 7,
    "carbohydrates": 16,
    "calories": 239
  },
  {
    "name": "Грибы грузди",
    "proteins": 2,
    "fats": 1,
    "carbohydrates": 1,
    "calories": 16
  },
  {
    "name": "Грибы лисички",
    "proteins": 2,
    "fats": 1,
    "carbohydrates": 1,
    "calories": 20
  },
  {
    "name": "Грибы маслята",
    "proteins": 2,
    "fats": 1,
    "carbohydrates": 1,
    "calories": 9
  },
  {
    "name": "Грибы опята",
    "proteins": 2,
    "fats": 1,
    "carbohydrates": 1,
    "calories": 17
  },
  {
    "name": "Грибы подберёзовики свежие",
    "proteins": 2,
    "fats": 1,
    "carbohydrates": 4,
    "calories": 17
  },
  {
    "name": "Грибы подосиновики свежие",
    "proteins": 3,
    "fats": 1,
    "carbohydrates": 3,
    "calories": 26
  },
  {
    "name": "Грибы рыжики",
    "proteins": 2,
    "fats": 1,
    "carbohydrates": 1,
    "calories": 17
  },
  {
    "name": "Грибы шампиньоны",
    "proteins": 4,
    "fats": 1,
    "carbohydrates": 0,
    "calories": 22
  },
  {
    "name": "Груша",
    "proteins": 1,
    "fats": 0,
    "carbohydrates": 12,
    "calories": 51
  },
  {
    "name": "Груша (сухофрукты)",
    "proteins": 2,
    "fats": 0,
    "carbohydrates": 62,
    "calories": 246
  },
  {
    "name": "Дайкон",
    "proteins": 1,
    "fats": 0,
    "carbohydrates": 4,
    "calories": 21
  },
  {
    "name": "Джем мандариновый",
    "proteins": 0,
    "fats": 0,
    "carbohydrates": 72,
    "calories": 276
  },
  {
    "name": "Дрожжи",
    "proteins": 29,
    "fats": 3,
    "carbohydrates": 23,
    "calories": 263
  },
  {
    "name": "Дрожжи сухие",
    "proteins": 49,
    "fats": 6,
    "carbohydrates": 40,
    "calories": 410
  },
  {
    "name": "Дыня",
    "proteins": 1,
    "fats": 0,
    "carbohydrates": 8,
    "calories": 35
  },
  {
    "name": "Ежевика",
    "proteins": 2,
    "fats": 0,
    "carbohydrates": 5,
    "calories": 31
  },
  {
    "name": "Жареное яйцо",
    "proteins": 14,
    "fats": 14,
    "carbohydrates": 1,
    "calories": 183
  },
  {
    "name": "Желатин",
    "proteins": 86,
    "fats": 0,
    "carbohydrates": 1,
    "calories": 343
  },
  {
    "name": "Зеленая фасоль",
    "proteins": 3,
    "fats": 0,
    "carbohydrates": 4,
    "calories": 30
  },
  {
    "name": "Зеленый лук",
    "proteins": 1,
    "fats": 0,
    "carbohydrates": 4,
    "calories": 19
  },
  {
    "name": "Зелень петрушки",
    "proteins": 4,
    "fats": 0,
    "carbohydrates": 8,
    "calories": 50
  },
  {
    "name": "Зелёный горошек \"Бондюэль\"",
    "proteins": 5,
    "fats": 0,
    "carbohydrates": 8,
    "calories": 60
  },
  {
    "name": "Зелёный горошек \"Фрау Марта\"",
    "proteins": 3,
    "fats": 0,
    "carbohydrates": 7,
    "calories": 40
  },
  {
    "name": "Земляника",
    "proteins": 1,
    "fats": 0,
    "carbohydrates": 9,
    "calories": 38
  },
  {
    "name": "Зефир бело-розовый",
    "proteins": 1,
    "fats": 0,
    "carbohydrates": 80,
    "calories": 304
  },
  {
    "name": "Изюм",
    "proteins": 2,
    "fats": 0,
    "carbohydrates": 68,
    "calories": 280
  },
  {
    "name": "Имбирь свежий",
    "proteins": 2,
    "fats": 1,
    "carbohydrates": 16,
    "calories": 72
  },
  {
    "name": "Индейка (грудка)",
    "proteins": 19,
    "fats": 2,
    "carbohydrates": 0,
    "calories": 94
  },
  {
    "name": "Индейка (филе)",
    "proteins": 20,
    "fats": 12,
    "carbohydrates": 0,
    "calories": 188
  },
  {
    "name": "Инжир (сухофрукты)",
    "proteins": 3,
    "fats": 1,
    "carbohydrates": 57,
    "calories": 239
  },
  {
    "name": "Йогурт Активия",
    "proteins": 4,
    "fats": 3,
    "carbohydrates": 11,
    "calories": 97
  },
  {
    "name": "Кабачки жареные",
    "proteins": 1,
    "fats": 6,
    "carbohydrates": 7,
    "calories": 91
  },
  {
    "name": "Кабачки цукини",
    "proteins": 2,
    "fats": 0,
    "carbohydrates": 3,
    "calories": 16
  },
  {
    "name": "Кабачковая икра",
    "proteins": 1,
    "fats": 6,
    "carbohydrates": 7,
    "calories": 90
  },
  {
    "name": "Кабачок",
    "proteins": 1,
    "fats": 1,
    "carbohydrates": 5,
    "calories": 28
  },
  {
    "name": "Какао",
    "proteins": 14,
    "fats": 9,
    "carbohydrates": 26,
    "calories": 234
  },
  {
    "name": "Какао порошок",
    "proteins": 23,
    "fats": 15,
    "carbohydrates": 29,
    "calories": 326
  },
  {
    "name": "Кальмар",
    "proteins": 18,
    "fats": 2,
    "carbohydrates": 1,
    "calories": 97
  },
  {
    "name": "Кальмар вареный",
    "proteins": 18,
    "fats": 3,
    "carbohydrates": 1,
    "calories": 103
  },
  {
    "name": "Каперсы",
    "proteins": 2,
    "fats": 1,
    "carbohydrates": 4,
    "calories": 21
  },
  {
    "name": "Капуста белокочаная",
    "proteins": 2,
    "fats": 0,
    "carbohydrates": 5,
    "calories": 28
  },
  {
    "name": "Капуста белокочанная",
    "proteins": 2,
    "fats": 0,
    "carbohydrates": 6,
    "calories": 29
  },
  {
    "name": "Капуста брокколи замороженая",
    "proteins": 2,
    "fats": 0,
    "carbohydrates": 4,
    "calories": 21
  },
  {
    "name": "Капуста брюссельская",
    "proteins": 4,
    "fats": 0,
    "carbohydrates": 4,
    "calories": 47
  },
  {
    "name": "Капуста жареная",
    "proteins": 3,
    "fats": 6,
    "carbohydrates": 8,
    "calories": 88
  },
  {
    "name": "Капуста квашенная",
    "proteins": 2,
    "fats": 0,
    "carbohydrates": 3,
    "calories": 23
  },
  {
    "name": "Капуста китайская",
    "proteins": 1,
    "fats": 0,
    "carbohydrates": 2,
    "calories": 16
  },
  {
    "name": "Капуста кольраби",
    "proteins": 3,
    "fats": 0,
    "carbohydrates": 9,
    "calories": 42
  },
  {
    "name": "Капуста краснокочанная",
    "proteins": 2,
    "fats": 0,
    "carbohydrates": 6,
    "calories": 29
  },
  {
    "name": "Капуста морская",
    "proteins": 1,
    "fats": 5,
    "carbohydrates": 0,
    "calories": 58
  },
  {
    "name": "Капуста пекинская",
    "proteins": 2,
    "fats": 0,
    "carbohydrates": 3,
    "calories": 15
  },
  {
    "name": "Капуста цветная",
    "proteins": 3,
    "fats": 0,
    "carbohydrates": 5,
    "calories": 34
  },
  {
    "name": "Картофель",
    "proteins": 2,
    "fats": 1,
    "carbohydrates": 20,
    "calories": 84
  },
  {
    "name": "Картофель молодой",
    "proteins": 2,
    "fats": 0,
    "carbohydrates": 16,
    "calories": 61
  },
  {
    "name": "Картофельные хлопья",
    "proteins": 8,
    "fats": 1,
    "carbohydrates": 83,
    "calories": 366
  },
  {
    "name": "Картофель отварной",
    "proteins": 2,
    "fats": 1,
    "carbohydrates": 16,
    "calories": 83
  },
  {
    "name": "Картофель печеный",
    "proteins": 3,
    "fats": 3,
    "carbohydrates": 22,
    "calories": 113
  },
  {
    "name": "Картофель фри",
    "proteins": 4,
    "fats": 17,
    "carbohydrates": 40,
    "calories": 323
  },
  {
    "name": "Картошка",
    "proteins": 2,
    "fats": 1,
    "carbohydrates": 21,
    "calories": 105
  },
  {
    "name": "Каша рисовая",
    "proteins": 2,
    "fats": 3,
    "carbohydrates": 26,
    "calories": 130
  },
  {
    "name": "Квас хлебный",
    "proteins": 0,
    "fats": 0,
    "carbohydrates": 5,
    "calories": 24
  },
  {
    "name": "Кедровые орехи",
    "proteins": 15,
    "fats": 63,
    "carbohydrates": 17,
    "calories": 652
  },
  {
    "name": "Кетчуп",
    "proteins": 5,
    "fats": 1,
    "carbohydrates": 16,
    "calories": 90
  },
  {
    "name": "Кефир 1%",
    "proteins": 3,
    "fats": 1,
    "carbohydrates": 5,
    "calories": 45
  },
  {
    "name": "Кефир 2,5%",
    "proteins": 3,
    "fats": 3,
    "carbohydrates": 4,
    "calories": 52
  },
  {
    "name": "Кефир 3,2%",
    "proteins": 3,
    "fats": 3,
    "carbohydrates": 4,
    "calories": 58
  },
  {
    "name": "Кешью",
    "proteins": 21,
    "fats": 48,
    "carbohydrates": 20,
    "calories": 607
  },
  {
    "name": "Киви",
    "proteins": 1,
    "fats": 1,
    "carbohydrates": 10,
    "calories": 51
  },
  {
    "name": "Клубника",
    "proteins": 1,
    "fats": 0,
    "carbohydrates": 7,
    "calories": 32
  },
  {
    "name": "Клюква",
    "proteins": 0,
    "fats": 0,
    "carbohydrates": 9,
    "calories": 43
  },
  {
    "name": "Клюква сушеная",
    "proteins": 0,
    "fats": 1,
    "carbohydrates": 70,
    "calories": 305
  },
  {
    "name": "Козий сыр",
    "proteins": 19,
    "fats": 23,
    "carbohydrates": 2,
    "calories": 296
  },
  {
    "name": "Колбаса вареная \"докторская\"",
    "proteins": 13,
    "fats": 22,
    "carbohydrates": 1,
    "calories": 254
  },
  {
    "name": "Конфеты Батончики Рот Фронт с орехами",
    "proteins": 12,
    "fats": 32,
    "carbohydrates": 49,
    "calories": 379
  },
  {
    "name": "Корень имбиря",
    "proteins": 2,
    "fats": 1,
    "carbohydrates": 18,
    "calories": 90
  },
  {
    "name": "Корень сельдерея",
    "proteins": 1,
    "fats": 0,
    "carbohydrates": 6,
    "calories": 31
  },
  {
    "name": "Коричневый сахар",
    "proteins": 0,
    "fats": 0,
    "carbohydrates": 92,
    "calories": 393
  },
  {
    "name": "Корнишоны маринованные",
    "proteins": 1,
    "fats": 0,
    "carbohydrates": 4,
    "calories": 36
  },
  {
    "name": "Котлеты полтавские",
    "proteins": 26,
    "fats": 32,
    "carbohydrates": 6,
    "calories": 415
  },
  {
    "name": "Кофе молотый Арабика",
    "proteins": 12,
    "fats": 14,
    "carbohydrates": 3,
    "calories": 193
  },
  {
    "name": "Кофе растворимый (сухой)",
    "proteins": 15,
    "fats": 4,
    "carbohydrates": 7,
    "calories": 116
  },
  {
    "name": "Кофе эспрессо крепкий",
    "proteins": 1,
    "fats": 2,
    "carbohydrates": 0,
    "calories": 19
  },
  {
    "name": "Кофе \"якобз монарх\" (растворимый)",
    "proteins": 15,
    "fats": 0,
    "carbohydrates": 8,
    "calories": 97
  },
  {
    "name": "Крабовые палочки",
    "proteins": 8,
    "fats": 2,
    "carbohydrates": 10,
    "calories": 85
  },
  {
    "name": "Краковская колбаса",
    "proteins": 17,
    "fats": 39,
    "carbohydrates": 0,
    "calories": 420
  },
  {
    "name": "Красная фасоль консервированная",
    "proteins": 7,
    "fats": 0,
    "carbohydrates": 17,
    "calories": 99
  },
  {
    "name": "Крахмал картофельный",
    "proteins": 0,
    "fats": 0,
    "carbohydrates": 82,
    "calories": 335
  },
  {
    "name": "Крахмал кукурузный",
    "proteins": 1,
    "fats": 0,
    "carbohydrates": 87,
    "calories": 348
  },
  {
    "name": "Краюшка",
    "proteins": 9,
    "fats": 1,
    "carbohydrates": 43,
    "calories": 226
  },
  {
    "name": "Креветки (отварные)",
    "proteins": 18,
    "fats": 2,
    "carbohydrates": 0,
    "calories": 90
  },
  {
    "name": "Крупа гречневая",
    "proteins": 12,
    "fats": 3,
    "carbohydrates": 65,
    "calories": 326
  },
  {
    "name": "Крупа кукурузная",
    "proteins": 8,
    "fats": 1,
    "carbohydrates": 75,
    "calories": 337
  },
  {
    "name": "Крупа манная",
    "proteins": 11,
    "fats": 1,
    "carbohydrates": 70,
    "calories": 330
  },
  {
    "name": "Крупа овсяная",
    "proteins": 12,
    "fats": 6,
    "carbohydrates": 65,
    "calories": 342
  },
  {
    "name": "Крупа перловая",
    "proteins": 10,
    "fats": 1,
    "carbohydrates": 65,
    "calories": 328
  },
  {
    "name": "Крупа пшеничная",
    "proteins": 12,
    "fats": 2,
    "carbohydrates": 63,
    "calories": 322
  },
  {
    "name": "Крупа рис длиннозерный пропаренный",
    "proteins": 7,
    "fats": 1,
    "carbohydrates": 74,
    "calories": 333
  },
  {
    "name": "Крупа рисовая",
    "proteins": 7,
    "fats": 11,
    "carbohydrates": 63,
    "calories": 330
  },
  {
    "name": "Крупа ячневая",
    "proteins": 10,
    "fats": 1,
    "carbohydrates": 59,
    "calories": 318
  },
  {
    "name": "Крыжовник",
    "proteins": 1,
    "fats": 0,
    "carbohydrates": 10,
    "calories": 41
  },
  {
    "name": "Кукуруза консервированная",
    "proteins": 3,
    "fats": 2,
    "carbohydrates": 17,
    "calories": 87
  },
  {
    "name": "Кукурузные хлопья",
    "proteins": 6,
    "fats": 3,
    "carbohydrates": 73,
    "calories": 353
  },
  {
    "name": "Кунжут",
    "proteins": 20,
    "fats": 50,
    "carbohydrates": 11,
    "calories": 562
  },
  {
    "name": "Курага",
    "proteins": 5,
    "fats": 0,
    "carbohydrates": 54,
    "calories": 232
  },
  {
    "name": "Куриная печень",
    "proteins": 19,
    "fats": 7,
    "carbohydrates": 1,
    "calories": 140
  },
  {
    "name": "Куриные грудки",
    "proteins": 23,
    "fats": 6,
    "carbohydrates": 3,
    "calories": 144
  },
  {
    "name": "Куриные окорочка",
    "proteins": 18,
    "fats": 11,
    "carbohydrates": 0,
    "calories": 170
  },
  {
    "name": "Курица",
    "proteins": 21,
    "fats": 11,
    "carbohydrates": 1,
    "calories": 186
  },
  {
    "name": "Кус-Кус (крупа)",
    "proteins": 13,
    "fats": 1,
    "carbohydrates": 77,
    "calories": 373
  },
  {
    "name": "Лаваш грузинский",
    "proteins": 8,
    "fats": 2,
    "carbohydrates": 53,
    "calories": 269
  },
  {
    "name": "Лайм",
    "proteins": 1,
    "fats": 0,
    "carbohydrates": 4,
    "calories": 20
  },
  {
    "name": "Лапша гречневая",
    "proteins": 15,
    "fats": 1,
    "carbohydrates": 71,
    "calories": 348
  },
  {
    "name": "Лапша рисовая",
    "proteins": 5,
    "fats": 1,
    "carbohydrates": 81,
    "calories": 350
  },
  {
    "name": "Лапша яичная",
    "proteins": 10,
    "fats": 2,
    "carbohydrates": 64,
    "calories": 330
  },
  {
    "name": "Лимон",
    "proteins": 1,
    "fats": 0,
    "carbohydrates": 4,
    "calories": 27
  },
  {
    "name": "Лимонный сок",
    "proteins": 1,
    "fats": 0,
    "carbohydrates": 4,
    "calories": 20
  },
  {
    "name": "Лосось",
    "proteins": 21,
    "fats": 10,
    "carbohydrates": 1,
    "calories": 172
  },
  {
    "name": "Лук",
    "proteins": 1,
    "fats": 0,
    "carbohydrates": 9,
    "calories": 40
  },
  {
    "name": "Лук зелёный перо",
    "proteins": 1,
    "fats": 0,
    "carbohydrates": 5,
    "calories": 16
  },
  {
    "name": "Лук красный салатный",
    "proteins": 1,
    "fats": 0,
    "carbohydrates": 9,
    "calories": 42
  },
  {
    "name": "Льняное масло",
    "proteins": 1,
    "fats": 92,
    "carbohydrates": 4,
    "calories": 849
  },
  {
    "name": "Майонез",
    "proteins": 2,
    "fats": 57,
    "carbohydrates": 4,
    "calories": 550
  },
  {
    "name": "Майонез 15%",
    "proteins": 0,
    "fats": 15,
    "carbohydrates": 5,
    "calories": 156
  },
  {
    "name": "Майонез провансаль 67%",
    "proteins": 3,
    "fats": 369,
    "carbohydrates": 25,
    "calories": 619
  },
  {
    "name": "Мак",
    "proteins": 17,
    "fats": 46,
    "carbohydrates": 8,
    "calories": 519
  },
  {
    "name": "Макаронные изделия",
    "proteins": 10,
    "fats": 0,
    "carbohydrates": 72,
    "calories": 344
  },
  {
    "name": "Макароны отварные",
    "proteins": 4,
    "fats": 1,
    "carbohydrates": 23,
    "calories": 119
  },
  {
    "name": "Малина",
    "proteins": 4,
    "fats": 0,
    "carbohydrates": 9,
    "calories": 41
  },
  {
    "name": "Манго",
    "proteins": 1,
    "fats": 0,
    "carbohydrates": 13,
    "calories": 62
  },
  {
    "name": "Манго цукаты",
    "proteins": 0,
    "fats": 0,
    "carbohydrates": 60,
    "calories": 278
  },
  {
    "name": "Мандарин",
    "proteins": 1,
    "fats": 1,
    "carbohydrates": 9,
    "calories": 40
  },
  {
    "name": "Манная крупа",
    "proteins": 11,
    "fats": 1,
    "carbohydrates": 68,
    "calories": 334
  },
  {
    "name": "Маргарин молочный",
    "proteins": 0,
    "fats": 82,
    "carbohydrates": 6,
    "calories": 745
  },
  {
    "name": "Маргарин солнечный",
    "proteins": 0,
    "fats": 72,
    "carbohydrates": 0,
    "calories": 653
  },
  {
    "name": "Мармелад",
    "proteins": 1,
    "fats": 0,
    "carbohydrates": 75,
    "calories": 302
  },
  {
    "name": "Маслины",
    "proteins": 1,
    "fats": 14,
    "carbohydrates": 10,
    "calories": 167
  },
  {
    "name": "Маслины без косточки",
    "proteins": 1,
    "fats": 13,
    "carbohydrates": 2,
    "calories": 133
  },
  {
    "name": "Масло кукурузное",
    "proteins": 1,
    "fats": 101,
    "carbohydrates": 0,
    "calories": 916
  },
  {
    "name": "Масло льняное",
    "proteins": 0,
    "fats": 96,
    "carbohydrates": 0,
    "calories": 895
  },
  {
    "name": "Масло оливковое",
    "proteins": 1,
    "fats": 91,
    "carbohydrates": 3,
    "calories": 851
  },
  {
    "name": "Масло подсолнечное",
    "proteins": 0,
    "fats": 96,
    "carbohydrates": 0,
    "calories": 864
  },
  {
    "name": "Масло растительное",
    "proteins": 2,
    "fats": 97,
    "carbohydrates": 0,
    "calories": 897
  },
  {
    "name": "Масло сливочное",
    "proteins": 1,
    "fats": 74,
    "carbohydrates": 1,
    "calories": 674
  },
  {
    "name": "Масло топленое",
    "proteins": 0,
    "fats": 86,
    "carbohydrates": 0,
    "calories": 890
  },
  {
    "name": "Мед",
    "proteins": 1,
    "fats": 0,
    "carbohydrates": 80,
    "calories": 315
  },
  {
    "name": "Миндаль",
    "proteins": 18,
    "fats": 51,
    "carbohydrates": 16,
    "calories": 601
  },
  {
    "name": "Молоко",
    "proteins": 7,
    "fats": 3,
    "carbohydrates": 7,
    "calories": 66
  },
  {
    "name": "Молоко 0,5%",
    "proteins": 2,
    "fats": 1,
    "carbohydrates": 3,
    "calories": 35
  },
  {
    "name": "Молоко 1,5%",
    "proteins": 3,
    "fats": 2,
    "carbohydrates": 5,
    "calories": 44
  },
  {
    "name": "Молоко 2,5%",
    "proteins": 3,
    "fats": 3,
    "carbohydrates": 7,
    "calories": 64
  },
  {
    "name": "Молоко 3,2%",
    "proteins": 3,
    "fats": 3,
    "carbohydrates": 8,
    "calories": 67
  },
  {
    "name": "Молоко сгущёное",
    "proteins": 7,
    "fats": 9,
    "carbohydrates": 56,
    "calories": 317
  },
  {
    "name": "Молоко сухое",
    "proteins": 31,
    "fats": 22,
    "carbohydrates": 36,
    "calories": 446
  },
  {
    "name": "Морковь отварная",
    "proteins": 1,
    "fats": 0,
    "carbohydrates": 7,
    "calories": 32
  },
  {
    "name": "Морковь печеная",
    "proteins": 1,
    "fats": 0,
    "carbohydrates": 7,
    "calories": 31
  },
  {
    "name": "Морковь свежая",
    "proteins": 1,
    "fats": 0,
    "carbohydrates": 8,
    "calories": 35
  },
  {
    "name": "Мороженое Пломбир",
    "proteins": 4,
    "fats": 15,
    "carbohydrates": 24,
    "calories": 245
  },
  {
    "name": "Морская капуста",
    "proteins": 1,
    "fats": 2,
    "carbohydrates": 2,
    "calories": 37
  },
  {
    "name": "Мука кукурузная",
    "proteins": 9,
    "fats": 3,
    "carbohydrates": 65,
    "calories": 333
  },
  {
    "name": "Мука пшеничная в/с",
    "proteins": 10,
    "fats": 1,
    "carbohydrates": 71,
    "calories": 332
  },
  {
    "name": "Мука ржаная",
    "proteins": 8,
    "fats": 2,
    "carbohydrates": 65,
    "calories": 307
  },
  {
    "name": "Мюстли с фруктами",
    "proteins": 8,
    "fats": 2,
    "carbohydrates": 68,
    "calories": 314
  },
  {
    "name": "Мясо свинина",
    "proteins": 26,
    "fats": 29,
    "carbohydrates": 7,
    "calories": 293
  },
  {
    "name": "Мясо свинина постная",
    "proteins": 18,
    "fats": 8,
    "carbohydrates": 0,
    "calories": 151
  },
  {
    "name": "Нектарин",
    "proteins": 1,
    "fats": 0,
    "carbohydrates": 11,
    "calories": 47
  },
  {
    "name": "Облепиха",
    "proteins": 1,
    "fats": 2,
    "carbohydrates": 6,
    "calories": 47
  },
  {
    "name": "Овощная смесь “Весенние овощи”",
    "proteins": 3,
    "fats": 0,
    "carbohydrates": 4,
    "calories": 30
  },
  {
    "name": "Овсяная мука",
    "proteins": 13,
    "fats": 7,
    "carbohydrates": 65,
    "calories": 368
  },
  {
    "name": "Овсянка",
    "proteins": 9,
    "fats": 5,
    "carbohydrates": 46,
    "calories": 271
  },
  {
    "name": "Овсянные хлопья \"геркулес\"",
    "proteins": 11,
    "fats": 6,
    "carbohydrates": 51,
    "calories": 305
  },
  {
    "name": "Огурцы",
    "proteins": 1,
    "fats": 0,
    "carbohydrates": 4,
    "calories": 19
  },
  {
    "name": "Огурцы грунтовые",
    "proteins": 1,
    "fats": 0,
    "carbohydrates": 3,
    "calories": 14
  },
  {
    "name": "Огурцы маринованные",
    "proteins": 2,
    "fats": 0,
    "carbohydrates": 2,
    "calories": 16
  },
  {
    "name": "Огурцы солёные",
    "proteins": 1,
    "fats": 0,
    "carbohydrates": 2,
    "calories": 14
  },
  {
    "name": "Оливки",
    "proteins": 1,
    "fats": 17,
    "carbohydrates": 5,
    "calories": 178
  },
  {
    "name": "Оливки зеленые без косточки",
    "proteins": 1,
    "fats": 17,
    "carbohydrates": 0,
    "calories": 157
  },
  {
    "name": "Омлет",
    "proteins": 10,
    "fats": 14,
    "carbohydrates": 3,
    "calories": 175
  },
  {
    "name": "Орех грецкий",
    "proteins": 15,
    "fats": 64,
    "carbohydrates": 11,
    "calories": 671
  },
  {
    "name": "Отруби овсяные",
    "proteins": 15,
    "fats": 7,
    "carbohydrates": 45,
    "calories": 305
  },
  {
    "name": "Отруби пшеничные очищенные",
    "proteins": 13,
    "fats": 4,
    "carbohydrates": 23,
    "calories": 214
  },
  {
    "name": "Отруби ржаные очищенные",
    "proteins": 12,
    "fats": 3,
    "carbohydrates": 9,
    "calories": 167
  },
  {
    "name": "Паприка",
    "proteins": 3,
    "fats": 2,
    "carbohydrates": 7,
    "calories": 112
  },
  {
    "name": "Патиссон",
    "proteins": 1,
    "fats": 0,
    "carbohydrates": 4,
    "calories": 19
  },
  {
    "name": "Перепелиное яйцо",
    "proteins": 13,
    "fats": 13,
    "carbohydrates": 0,
    "calories": 167
  },
  {
    "name": "Перец сладкий",
    "proteins": 1,
    "fats": 0,
    "carbohydrates": 5,
    "calories": 26
  },
  {
    "name": "Перец чили",
    "proteins": 2,
    "fats": 0,
    "carbohydrates": 9,
    "calories": 40
  },
  {
    "name": "Перловка (крупа)",
    "proteins": 10,
    "fats": 1,
    "carbohydrates": 76,
    "calories": 346
  },
  {
    "name": "Перловка отварная",
    "proteins": 2,
    "fats": 0,
    "carbohydrates": 27,
    "calories": 121
  },
  {
    "name": "Персики",
    "proteins": 1,
    "fats": 1,
    "carbohydrates": 12,
    "calories": 51
  },
  {
    "name": "Персики (сухофрукты)",
    "proteins": 2,
    "fats": 0,
    "carbohydrates": 42,
    "calories": 168
  },
  {
    "name": "Петрушка корень",
    "proteins": 2,
    "fats": 0,
    "carbohydrates": 11,
    "calories": 48
  },
  {
    "name": "Петрушка свежая",
    "proteins": 3,
    "fats": 1,
    "carbohydrates": 7,
    "calories": 38
  },
  {
    "name": "Печенье \"Юбилейное\" Молочное",
    "proteins": 8,
    "fats": 18,
    "carbohydrates": 66,
    "calories": 455
  },
  {
    "name": "Печень куриная",
    "proteins": 27,
    "fats": 7,
    "carbohydrates": 1,
    "calories": 144
  },
  {
    "name": "Пиво светлое",
    "proteins": 0,
    "fats": 0,
    "carbohydrates": 4,
    "calories": 50
  },
  {
    "name": "Плавленный сыр",
    "proteins": 15,
    "fats": 20,
    "carbohydrates": 2,
    "calories": 280
  },
  {
    "name": "Помидоры консервированные",
    "proteins": 1,
    "fats": 0,
    "carbohydrates": 5,
    "calories": 23
  },
  {
    "name": "Помидоры свежие",
    "proteins": 4,
    "fats": 1,
    "carbohydrates": 3,
    "calories": 33
  },
  {
    "name": "Простокваша",
    "proteins": 3,
    "fats": 3,
    "carbohydrates": 4,
    "calories": 52
  },
  {
    "name": "Пшено",
    "proteins": 11,
    "fats": 3,
    "carbohydrates": 68,
    "calories": 337
  },
  {
    "name": "Ревень черешковый",
    "proteins": 1,
    "fats": 0,
    "carbohydrates": 4,
    "calories": 16
  },
  {
    "name": "Редис",
    "proteins": 1,
    "fats": 0,
    "carbohydrates": 4,
    "calories": 20
  },
  {
    "name": "Редька",
    "proteins": 2,
    "fats": 0,
    "carbohydrates": 7,
    "calories": 35
  },
  {
    "name": "Редька зеленая",
    "proteins": 2,
    "fats": 0,
    "carbohydrates": 7,
    "calories": 35
  },
  {
    "name": "Репа",
    "proteins": 1,
    "fats": 0,
    "carbohydrates": 5,
    "calories": 29
  },
  {
    "name": "Рис",
    "proteins": 7,
    "fats": 1,
    "carbohydrates": 75,
    "calories": 331
  },
  {
    "name": "Рис отварной",
    "proteins": 4,
    "fats": 1,
    "carbohydrates": 25,
    "calories": 134
  },
  {
    "name": "Рожки отварные",
    "proteins": 3,
    "fats": 0,
    "carbohydrates": 24,
    "calories": 115
  },
  {
    "name": "Рожки (сухой продукт)",
    "proteins": 11,
    "fats": 1,
    "carbohydrates": 72,
    "calories": 344
  },
  {
    "name": "Руккола",
    "proteins": 2,
    "fats": 1,
    "carbohydrates": 2,
    "calories": 24
  },
  {
    "name": "Рыба скумбрия",
    "proteins": 16,
    "fats": 13,
    "carbohydrates": 1,
    "calories": 187
  },
  {
    "name": "Рыба треска",
    "proteins": 17,
    "fats": 1,
    "carbohydrates": 0,
    "calories": 80
  },
  {
    "name": "Рябина черноплодная",
    "proteins": 2,
    "fats": 0,
    "carbohydrates": 12,
    "calories": 54
  },
  {
    "name": "Ряженка",
    "proteins": 3,
    "fats": 3,
    "carbohydrates": 4,
    "calories": 62
  },
  {
    "name": "Салат лист",
    "proteins": 1,
    "fats": 0,
    "carbohydrates": 2,
    "calories": 16
  },
  {
    "name": "Сахар песок",
    "proteins": 0,
    "fats": 0,
    "carbohydrates": 109,
    "calories": 396
  },
  {
    "name": "Свежая капуста",
    "proteins": 2,
    "fats": 0,
    "carbohydrates": 5,
    "calories": 25
  },
  {
    "name": "Свежий укроп",
    "proteins": 3,
    "fats": 1,
    "carbohydrates": 6,
    "calories": 38
  },
  {
    "name": "Свекла",
    "proteins": 2,
    "fats": 1,
    "carbohydrates": 12,
    "calories": 61
  },
  {
    "name": "Свекла отварная",
    "proteins": 2,
    "fats": 0,
    "carbohydrates": 10,
    "calories": 50
  },
  {
    "name": "Свинина",
    "proteins": 16,
    "fats": 27,
    "carbohydrates": 0,
    "calories": 304
  },
  {
    "name": "Сельдерей",
    "proteins": 1,
    "fats": 0,
    "carbohydrates": 3,
    "calories": 13
  },
  {
    "name": "Сельдерей стебель",
    "proteins": 1,
    "fats": 0,
    "carbohydrates": 2,
    "calories": 11
  },
  {
    "name": "Сельдь атлантическая жирная",
    "proteins": 15,
    "fats": 15,
    "carbohydrates": 0,
    "calories": 204
  },
  {
    "name": "Семена тыквы неочищенные с солью",
    "proteins": 29,
    "fats": 47,
    "carbohydrates": 13,
    "calories": 596
  },
  {
    "name": "Семечки подсолнечные",
    "proteins": 26,
    "fats": 50,
    "carbohydrates": 9,
    "calories": 583
  },
  {
    "name": "Сладкая кукуруза в початках",
    "proteins": 4,
    "fats": 3,
    "carbohydrates": 21,
    "calories": 124
  },
  {
    "name": "Слива садовая",
    "proteins": 1,
    "fats": 0,
    "carbohydrates": 10,
    "calories": 45
  },
  {
    "name": "Сливки 10%",
    "proteins": 3,
    "fats": 10,
    "carbohydrates": 4,
    "calories": 118
  },
  {
    "name": "Сливки 20%",
    "proteins": 3,
    "fats": 20,
    "carbohydrates": 4,
    "calories": 206
  },
  {
    "name": "Сливки 22%",
    "proteins": 3,
    "fats": 22,
    "carbohydrates": 4,
    "calories": 224
  },
  {
    "name": "Сливки 33%",
    "proteins": 2,
    "fats": 33,
    "carbohydrates": 4,
    "calories": 322
  },
  {
    "name": "Смесь орехов и сухофруктов экзотик",
    "proteins": 8,
    "fats": 26,
    "carbohydrates": 52,
    "calories": 466
  },
  {
    "name": "Сметана 10 %",
    "proteins": 3,
    "fats": 10,
    "carbohydrates": 4,
    "calories": 117
  },
  {
    "name": "Сметана 15%",
    "proteins": 3,
    "fats": 15,
    "carbohydrates": 4,
    "calories": 159
  },
  {
    "name": "Сметана 20%",
    "proteins": 3,
    "fats": 19,
    "carbohydrates": 6,
    "calories": 204
  },
  {
    "name": "Сметана 30 %",
    "proteins": 2,
    "fats": 30,
    "carbohydrates": 3,
    "calories": 291
  },
  {
    "name": "Смородина красная",
    "proteins": 1,
    "fats": 0,
    "carbohydrates": 8,
    "calories": 40
  },
  {
    "name": "Смородина чёрная",
    "proteins": 1,
    "fats": 0,
    "carbohydrates": 9,
    "calories": 41
  },
  {
    "name": "Соевый соус",
    "proteins": 5,
    "fats": 0,
    "carbohydrates": 22,
    "calories": 36
  },
  {
    "name": "Сок апельсиновый",
    "proteins": 1,
    "fats": 0,
    "carbohydrates": 11,
    "calories": 47
  },
  {
    "name": "Сок грейпфрутовый",
    "proteins": 0,
    "fats": 0,
    "carbohydrates": 10,
    "calories": 44
  },
  {
    "name": "Сок лайма",
    "proteins": 1,
    "fats": 0,
    "carbohydrates": 6,
    "calories": 22
  },
  {
    "name": "Сок лимона",
    "proteins": 1,
    "fats": 0,
    "carbohydrates": 3,
    "calories": 18
  },
  {
    "name": "Сок лимонный",
    "proteins": 1,
    "fats": 0,
    "carbohydrates": 5,
    "calories": 29
  },
  {
    "name": "Сок мандарина",
    "proteins": 1,
    "fats": 0,
    "carbohydrates": 10,
    "calories": 43
  },
  {
    "name": "Сок свекольный",
    "proteins": 1,
    "fats": 0,
    "carbohydrates": 14,
    "calories": 61
  },
  {
    "name": "Сок томатный",
    "proteins": 0,
    "fats": 0,
    "carbohydrates": 5,
    "calories": 21
  },
  {
    "name": "Сок яблочный",
    "proteins": 0,
    "fats": 0,
    "carbohydrates": 10,
    "calories": 44
  },
  {
    "name": "Соленый огурец",
    "proteins": 1,
    "fats": 0,
    "carbohydrates": 3,
    "calories": 14
  },
  {
    "name": "Соус соевый",
    "proteins": 4,
    "fats": 0,
    "carbohydrates": 10,
    "calories": 53
  },
  {
    "name": "Соя",
    "proteins": 34,
    "fats": 12,
    "carbohydrates": 27,
    "calories": 359
  },
  {
    "name": "Спагетти отварные",
    "proteins": 7,
    "fats": 1,
    "carbohydrates": 46,
    "calories": 223
  },
  {
    "name": "Спагетти (сухой продукт)",
    "proteins": 10,
    "fats": 1,
    "carbohydrates": 72,
    "calories": 344
  },
  {
    "name": "Сухари панировочные",
    "proteins": 12,
    "fats": 2,
    "carbohydrates": 74,
    "calories": 362
  },
  {
    "name": "Сыворотка",
    "proteins": 1,
    "fats": 0,
    "carbohydrates": 4,
    "calories": 22
  },
  {
    "name": "Сыр 45%",
    "proteins": 26,
    "fats": 26,
    "carbohydrates": 0,
    "calories": 336
  },
  {
    "name": "Сыр 50% «Сливочный»",
    "proteins": 23,
    "fats": 28,
    "carbohydrates": 0,
    "calories": 288
  },
  {
    "name": "Сыр Адыгейский",
    "proteins": 18,
    "fats": 16,
    "carbohydrates": 0,
    "calories": 224
  },
  {
    "name": "Сыр гауда",
    "proteins": 24,
    "fats": 27,
    "carbohydrates": 2,
    "calories": 350
  },
  {
    "name": "Сыр «Лёгкий»",
    "proteins": 23,
    "fats": 17,
    "carbohydrates": 0,
    "calories": 300
  },
  {
    "name": "Сырок плавленный \"Дружба\"",
    "proteins": 6,
    "fats": 19,
    "carbohydrates": 0,
    "calories": 178
  },
  {
    "name": "Сыр \"российский\"",
    "proteins": 23,
    "fats": 29,
    "carbohydrates": 0,
    "calories": 361
  },
  {
    "name": "Сыр твердый",
    "proteins": 25,
    "fats": 27,
    "carbohydrates": 2,
    "calories": 358
  },
  {
    "name": "Тархун",
    "proteins": 0,
    "fats": 0,
    "carbohydrates": 10,
    "calories": 41
  },
  {
    "name": "Творог 0%",
    "proteins": 16,
    "fats": 0,
    "carbohydrates": 2,
    "calories": 75
  },
  {
    "name": "Творог 1%",
    "proteins": 17,
    "fats": 1,
    "carbohydrates": 2,
    "calories": 82
  },
  {
    "name": "Творог 10%",
    "proteins": 15,
    "fats": 9,
    "carbohydrates": 2,
    "calories": 150
  },
  {
    "name": "Творог 5 %",
    "proteins": 17,
    "fats": 5,
    "carbohydrates": 2,
    "calories": 122
  },
  {
    "name": "Творог 9%",
    "proteins": 16,
    "fats": 8,
    "carbohydrates": 3,
    "calories": 153
  },
  {
    "name": "Творожная масса с цукатами",
    "proteins": 7,
    "fats": 21,
    "carbohydrates": 33,
    "calories": 349
  },
  {
    "name": "Тесто дрожжевое",
    "proteins": 7,
    "fats": 4,
    "carbohydrates": 43,
    "calories": 238
  },
  {
    "name": "Тесто слоеное дрожжевое",
    "proteins": 7,
    "fats": 19,
    "carbohydrates": 40,
    "calories": 356
  },
  {
    "name": "Тесто слоёное бездрожжевое",
    "proteins": 6,
    "fats": 18,
    "carbohydrates": 38,
    "calories": 335
  },
  {
    "name": "Томат",
    "proteins": 1,
    "fats": 0,
    "carbohydrates": 5,
    "calories": 27
  },
  {
    "name": "Томатная паста помидорка",
    "proteins": 1,
    "fats": 0,
    "carbohydrates": 15,
    "calories": 77
  },
  {
    "name": "Томатный сок",
    "proteins": 1,
    "fats": 0,
    "carbohydrates": 4,
    "calories": 25
  },
  {
    "name": "Томаты (парниковые)",
    "proteins": 1,
    "fats": 0,
    "carbohydrates": 3,
    "calories": 14
  },
  {
    "name": "Томаты черри",
    "proteins": 1,
    "fats": 0,
    "carbohydrates": 3,
    "calories": 17
  },
  {
    "name": "Треска филе",
    "proteins": 17,
    "fats": 1,
    "carbohydrates": 0,
    "calories": 78
  },
  {
    "name": "Тушенка говядина высший сорт",
    "proteins": 15,
    "fats": 17,
    "carbohydrates": 0,
    "calories": 213
  },
  {
    "name": "Тыква",
    "proteins": 1,
    "fats": 0,
    "carbohydrates": 5,
    "calories": 22
  },
  {
    "name": "Укроп",
    "proteins": 3,
    "fats": 1,
    "carbohydrates": 6,
    "calories": 38
  },
  {
    "name": "Уксус столовый 6-7%",
    "proteins": 0,
    "fats": 0,
    "carbohydrates": 6,
    "calories": 13
  },
  {
    "name": "Урюк (сухофрукты)",
    "proteins": 5,
    "fats": 0,
    "carbohydrates": 51,
    "calories": 213
  },
  {
    "name": "Фарш говяжий",
    "proteins": 18,
    "fats": 16,
    "carbohydrates": 0,
    "calories": 214
  },
  {
    "name": "Фарш куриный",
    "proteins": 19,
    "fats": 10,
    "carbohydrates": 0,
    "calories": 166
  },
  {
    "name": "Фасоль",
    "proteins": 18,
    "fats": 1,
    "carbohydrates": 44,
    "calories": 263
  },
  {
    "name": "Фасоль «Бондюэль»",
    "proteins": 7,
    "fats": 0,
    "carbohydrates": 10,
    "calories": 74
  },
  {
    "name": "Фасоль стручковая",
    "proteins": 2,
    "fats": 0,
    "carbohydrates": 4,
    "calories": 29
  },
  {
    "name": "Фасоль стручковая замороженная",
    "proteins": 2,
    "fats": 0,
    "carbohydrates": 4,
    "calories": 26
  },
  {
    "name": "Фасоль Фрау Марта",
    "proteins": 6,
    "fats": 1,
    "carbohydrates": 16,
    "calories": 92
  },
  {
    "name": "Фасоль \"Фрау Марта\" в томатном соусе",
    "proteins": 5,
    "fats": 0,
    "carbohydrates": 15,
    "calories": 86
  },
  {
    "name": "Фасоль Фрау Марта Лобио",
    "proteins": 5,
    "fats": 1,
    "carbohydrates": 13,
    "calories": 80
  },
  {
    "name": "Фенхель",
    "proteins": 1,
    "fats": 0,
    "carbohydrates": 7,
    "calories": 31
  },
  {
    "name": "Филе куринное",
    "proteins": 23,
    "fats": 2,
    "carbohydrates": 0,
    "calories": 114
  },
  {
    "name": "Филе куриной грудки",
    "proteins": 22,
    "fats": 2,
    "carbohydrates": 0,
    "calories": 109
  },
  {
    "name": "Финики (сухофрукты)",
    "proteins": 2,
    "fats": 0,
    "carbohydrates": 72,
    "calories": 280
  },
  {
    "name": "Фруктоза",
    "proteins": 0,
    "fats": 0,
    "carbohydrates": 100,
    "calories": 390
  },
  {
    "name": "Фундук",
    "proteins": 15,
    "fats": 62,
    "carbohydrates": 11,
    "calories": 665
  },
  {
    "name": "Хлеб белый",
    "proteins": 8,
    "fats": 3,
    "carbohydrates": 54,
    "calories": 254
  },
  {
    "name": "Хлеб \"бородинский\"",
    "proteins": 7,
    "fats": 1,
    "carbohydrates": 42,
    "calories": 210
  },
  {
    "name": "Хлеб пшеничный",
    "proteins": 8,
    "fats": 3,
    "carbohydrates": 50,
    "calories": 263
  },
  {
    "name": "Хлеб ржаной",
    "proteins": 7,
    "fats": 1,
    "carbohydrates": 36,
    "calories": 187
  },
  {
    "name": "Хлебцы пшеничные",
    "proteins": 12,
    "fats": 2,
    "carbohydrates": 60,
    "calories": 305
  },
  {
    "name": "Хлопья кукурузные",
    "proteins": 7,
    "fats": 1,
    "carbohydrates": 84,
    "calories": 373
  },
  {
    "name": "Хлопья овсяные",
    "proteins": 12,
    "fats": 6,
    "carbohydrates": 52,
    "calories": 308
  },
  {
    "name": "Хрен",
    "proteins": 3,
    "fats": 5,
    "carbohydrates": 14,
    "calories": 113
  },
  {
    "name": "Хурма",
    "proteins": 1,
    "fats": 0,
    "carbohydrates": 15,
    "calories": 65
  },
  {
    "name": "Цветная капуста отварная",
    "proteins": 2,
    "fats": 0,
    "carbohydrates": 4,
    "calories": 29
  },
  {
    "name": "Цедра апельсина",
    "proteins": 1,
    "fats": 0,
    "carbohydrates": 6,
    "calories": 36
  },
  {
    "name": "Цедра лимона",
    "proteins": 1,
    "fats": 0,
    "carbohydrates": 4,
    "calories": 28
  },
  {
    "name": "Цукаты",
    "proteins": 3,
    "fats": 0,
    "carbohydrates": 56,
    "calories": 224
  },
  {
    "name": "Цукини",
    "proteins": 2,
    "fats": 0,
    "carbohydrates": 3,
    "calories": 18
  },
  {
    "name": "Черемша",
    "proteins": 2,
    "fats": 0,
    "carbohydrates": 7,
    "calories": 37
  },
  {
    "name": "Черешня",
    "proteins": 1,
    "fats": 0,
    "carbohydrates": 12,
    "calories": 51
  },
  {
    "name": "Черника",
    "proteins": 1,
    "fats": 0,
    "carbohydrates": 9,
    "calories": 39
  },
  {
    "name": "Чернослив (сухофрукты)",
    "proteins": 3,
    "fats": 0,
    "carbohydrates": 62,
    "calories": 256
  },
  {
    "name": "Чеснок",
    "proteins": 6,
    "fats": 0,
    "carbohydrates": 23,
    "calories": 115
  },
  {
    "name": "Чечевица зелёная",
    "proteins": 24,
    "fats": 2,
    "carbohydrates": 44,
    "calories": 286
  },
  {
    "name": "Чечевица красная",
    "proteins": 22,
    "fats": 1,
    "carbohydrates": 49,
    "calories": 312
  },
  {
    "name": "Шампиньоны",
    "proteins": 4,
    "fats": 1,
    "carbohydrates": 1,
    "calories": 26
  },
  {
    "name": "Шампиньоны замороженные",
    "proteins": 3,
    "fats": 0,
    "carbohydrates": 1,
    "calories": 27
  },
  {
    "name": "Шампиньоны резанные консервированные",
    "proteins": 2,
    "fats": 1,
    "carbohydrates": 1,
    "calories": 16
  },
  {
    "name": "Шелковица",
    "proteins": 1,
    "fats": 0,
    "carbohydrates": 13,
    "calories": 52
  },
  {
    "name": "Шиповник сушёный",
    "proteins": 4,
    "fats": 0,
    "carbohydrates": 60,
    "calories": 253
  },
  {
    "name": "Шоколад горький 75%",
    "proteins": 9,
    "fats": 41,
    "carbohydrates": 39,
    "calories": 550
  },
  {
    "name": "Шоколад горький 80%",
    "proteins": 12,
    "fats": 39,
    "carbohydrates": 34,
    "calories": 527
  },
  {
    "name": "Шоколад молочный",
    "proteins": 7,
    "fats": 34,
    "carbohydrates": 52,
    "calories": 539
  },
  {
    "name": "Шпинат",
    "proteins": 3,
    "fats": 0,
    "carbohydrates": 2,
    "calories": 22
  },
  {
    "name": "Щавель",
    "proteins": 2,
    "fats": 0,
    "carbohydrates": 5,
    "calories": 25
  },
  {
    "name": "Яблоки",
    "proteins": 1,
    "fats": 1,
    "carbohydrates": 13,
    "calories": 60
  },
  {
    "name": "Яблоки сушёные (сухофрукты)",
    "proteins": 3,
    "fats": 0,
    "carbohydrates": 66,
    "calories": 269
  },
  {
    "name": "Яйца",
    "proteins": 15,
    "fats": 13,
    "carbohydrates": 1,
    "calories": 162
  }
]